Company,Product,Strengths,Weaknesses,Appointment Scheduling,Customer Service,Response Speed,Engineer Experience,Solution Quality,Value For Money
üåç British Gas,üåç All,"Across all product lines, British Gas' engineers receive overwhelmingly positive feedback, frequently described as professional, friendly, and efficient. Service quality is another major strength, with many customers appreciating quick and effective repairs. The reliability of services, particularly in fixing boiler, plumbing, and appliance issues, is also praised, alongside a generally positive customer experience. Additionally, smart meter installations stand out as a well-handled process, frequently described as smooth and efficient.","The most common complaint in the reviews relates to customer service interactions, with some customers mentioning difficulties in getting responses or unhelpful support. Delays in service and appointment availability also appear as occasional frustrations. Billing issues and smart meter problems are minor concerns, but there are a few reports of incorrect meter readings or faults. Overall, while British Gas excels in the technical execution of services, improving customer communication and availability could further enhance its reputation.","While most customers found it straightforward to book services, there are occasional mentions of delays or difficulties in securing timely appointments, particularly for repairs. This suggests that scheduling efficiency may vary by service type and demand.","Customer service is a weaker point in the reviews, with some customers reporting long response times or unhelpful support. While many interactions are positive, improvements in responsiveness and clarity of communication could enhance customer satisfaction.","Feedback on response speed is mostly positive, with many customers praising quick repairs and efficient service. However, there are isolated complaints about delays in scheduling and response times for specific issues.","Engineers are consistently described as knowledgeable, professional, and polite. This is one of British Gas' strongest assets across all service lines, with customers frequently highlighting positive interactions with technical staff.","Most customers report that issues were effectively resolved on the first visit, with engineers successfully diagnosing and fixing problems. While occasional follow-ups were needed, the overall solution quality is strong across all product categories.","There are no strong trends indicating dissatisfaction with pricing, suggesting that most customers feel the service is fairly priced given the expertise and reliability provided. However, for services like boiler and appliance repair, some customers felt that costs were high relative to the service received."
üåç British Gas,‚ö° Energy,"British Gas' energy service is particularly well-reviewed for its overall customer experience, with many customers praising helpful and understanding support. Additionally, smart meter installations stand out as a major strength, frequently mentioned as a smooth and efficient process. Service efficiency is also highlighted in positive reviews, with customers appreciating quick and easy interactions. These trends suggest that British Gas' strengths in the energy sector lie in its customer-focused service and streamlined installation of smart meters.","Unlike other service categories, there are relatively few recurring complaints in the energy reviews analyzed. However, some minor mentions of smart meter problems, such as incorrect readings or faults, suggest that occasional technical issues may arise. Billing issues, which are commonly seen in energy provider reviews, did not appear frequently in this dataset, indicating that they may not be a significant concern for British Gas customers.","Reviews do not strongly highlight appointment scheduling concerns, implying that most customers found it easy to book services, particularly for smart meter installations.","Customer service is well-reviewed, with customers frequently describing interactions as helpful and supportive. This suggests that British Gas has a strong customer support function within its energy services.","Response times appear to meet expectations, with customers describing the process as smooth and efficient. There are few complaints about delays, indicating that British Gas generally handles customer requests in a timely manner.","Engineers receive positive feedback, particularly for smart meter installations. Customers appreciate their professionalism and the clarity with which they explain the process.","Most customers report that their issues were resolved effectively, particularly in the context of smart meter installations. There are a few mentions of technical problems with meters, but these do not appear to be widespread.","There are no strong trends indicating concerns about pricing, suggesting that most customers feel the service provides fair value. While billing issues are a common complaint in the energy sector, they do not appear prominently in these reviews."
üåç British Gas,üöø Gas Products,"British Gas' boiler insurance is particularly praised for the professionalism and efficiency of its engineers, with numerous reviews highlighting their politeness, friendliness, and ability to resolve issues quickly. Customers frequently mention high-quality service, with words like ""efficient,"" ""great,"" and ""helpful"" standing out across reviews. Additionally, reliability is a strong theme, with many users commending the quick response times and successful job completions. These trends suggest that British Gas‚Äô key strength lies in its well-trained engineers and their ability to deliver a smooth and professional service experience.","Despite positive feedback on the engineers, customer service interactions appear to be a weak point, with recurring complaints about slow response times and lack of helpful support. Words like ""no response"" and ""customer service"" feature prominently in the lower-rated reviews, indicating that delays or difficulty in getting assistance may be a frustration for some customers. Additionally, while engineers receive strong praise, a smaller set of reviews raises concerns about the consistency of job completion, with some customers indicating that issues were not fully resolved. This suggests that improving communication and follow-up service could significantly enhance the overall customer experience.","Reviews indicate a mixed experience with appointment scheduling for British Gas' boiler insurance. Many customers found it straightforward and easy to book an engineer visit, but a notable number mentioned difficulties with rescheduling or long waiting times for available slots. This suggests that while the system generally works well, there may be occasional delays or limited availability during peak times.","Customer service appears to be a weaker point in the reviews, with frequent mentions of difficulty in reaching support and delays in getting helpful responses. While some customers had positive experiences, there are recurring complaints about unresponsive or unhelpful customer support interactions, indicating a need for improvement in this area.","Feedback on response speed is varied. Many customers praised quick response times when booking and receiving service, while others reported long delays, particularly for emergency repairs. This suggests that response speed is inconsistent, potentially depending on location, demand, or time of year.","The skill and professionalism of British Gas engineers stand out as a major strength in the reviews. Customers consistently describe engineers as knowledgeable, polite, and effective in diagnosing and fixing boiler issues. This reinforces that the technical staff is a key asset of the service.","Most reviews indicate that engineers effectively resolve boiler issues, with many customers satisfied that their problems were fully fixed. However, there are occasional mentions of incomplete repairs or the need for multiple visits, suggesting that while solution quality is generally strong, there are occasional inconsistencies.","Reviews suggest that value for money is a point of contention. Some customers feel the service is worth the cost due to the convenience and expertise of the engineers, while others consider it expensive, particularly if their issues were not fully resolved. This indicates that cost expectations may not always align with service outcomes."
üåç British Gas,ü™† Plumbing & Drains,"British Gas' plumbing and drains cover is highly rated for the professionalism and expertise of its engineers, with frequent mentions of them being ""helpful,"" ""professional,"" and ""excellent."" Customers also appreciate the overall service quality, with positive feedback on the efficiency and speed of repairs. Reliability is another strong theme, as many customers highlight that their plumbing issues were effectively ""fixed"" or ""resolved"" without hassle. These patterns indicate that the key strength of the service is the competence of the engineers in delivering quick and effective repairs.","The most notable concern from the reviews relates to delays and service issues, with a few mentions of problems in replacing parts such as pipes and other plumbing components. While these complaints appear less frequent than in other product categories, they suggest that some customers have faced frustrations with the time taken for repairs or replacements. This indicates that improving response times and ensuring the availability of necessary parts could help enhance customer satisfaction further. ","There are fewer mentions of appointment scheduling in the reviews, but the feedback available suggests that while most customers successfully booked visits, some faced challenges in getting timely appointments. This implies that availability could be improved, particularly for urgent plumbing issues.","Reviews indicate that customer service is an area for improvement. Some customers report positive experiences, but a notable number mention unhelpful interactions, difficulty in getting clear answers, and long waiting times for support. This suggests that customer service for plumbing and drains cover may not be as efficient as it should be.","Compared to boiler insurance, response speed seems to be a greater issue for plumbing cover. While some customers received quick service, others reported delays in getting an engineer out, particularly for non-emergency cases. This suggests that response times may not always meet customer expectations.","Engineers are frequently praised for their professionalism, knowledge, and politeness. Similar to boiler insurance, this aspect stands out as a strong point, with customers expressing confidence in the engineers' ability to diagnose and address plumbing issues.","Customers generally report that plumbing issues are fixed properly, though there are occasional complaints about repairs needing follow-ups or certain jobs taking longer than expected. While solution quality is mostly positive, there are occasional cases where expectations were not fully met.","Fewer reviews explicitly mention value for money, but among those that do, there is a mix of perspectives. Some customers feel that the cover is justified due to the quality of repairs, while others find it expensive, particularly if they had issues with delays or incomplete fixes. This suggests that price expectations may not always align with service outcomes."
üåç British Gas,üî¶ Home Electrical,,,,,,,,
üåç British Gas,üì∫ Appliance Cover,"British Gas' appliance repair service receives strong praise for the professionalism and friendliness of its engineers. Customers frequently mention that engineers clearly explain what needs to be done and carry out repairs efficiently. The service quality is also well-regarded, with many customers highlighting that the process is smooth and hassle-free. Additionally, the reliability of repairs is a key strength, with customers often reporting that their appliances were fixed or issues resolved effectively on the first visit.","Unlike other British Gas services, there are very few recurring complaints about appliance repair in the reviews analyzed. The absence of notable negative trends suggests that customers are largely satisfied. However, while issues related to appointment delays or service problems may exist, they do not appear frequently enough in this dataset to emerge as a major weakness.","There is little mention of appointment scheduling concerns in the reviews, indicating that most customers found it straightforward to book their repairs. The lack of negative feedback suggests that the scheduling system for appliance repairs is relatively efficient.","Customer service is not a dominant theme in the reviews, but the mentions that do appear are mostly positive. Customers seem satisfied with the level of support they received, with no significant complaints about unhelpful interactions or long wait times.","The reviews do not indicate major delays in response speed. Customers generally report that engineers arrived when expected and repairs were completed in a timely manner, suggesting that the service meets expectations for speed.","Engineers are a standout strength in the reviews, with customers frequently describing them as knowledgeable, friendly, and clear in their explanations. This reinforces that the professionalism of the engineers is a key positive factor in the appliance repair service.","Customers are generally satisfied with the quality of repairs, with many confirming that their issues were resolved effectively. There are very few mentions of incomplete fixes or repeat visits, indicating that repairs are usually done right the first time.","The reviews do not highlight significant concerns about pricing, implying that customers generally find the service cost reasonable given the quality of repairs and expertise provided. There are no strong trends indicating dissatisfaction with the value for money."
üßÆ HomeServe,üåç All,"HomeServe receives strong praise for its engineers, who are frequently described as professional, polite, and efficient. Service quality is another standout area, with many customers appreciating quick responses and effective repairs. Reliability is also a significant strength, with positive reviews highlighting that issues were properly fixed. Additionally, the overall customer experience is generally positive, with many users finding the service smooth and helpful.","The most frequent complaints in the reviews relate to customer service interactions, with some customers mentioning difficulties in getting timely responses or clear communication. There are also a few mentions of delays in scheduling and service execution, but this does not appear to be a widespread issue. Interestingly, billing issues do not appear as a major concern, suggesting that most customers are satisfied with pricing and payment structures.","Most customers were able to book services smoothly, but a small number reported delays in securing appointments. While not a major issue, availability for urgent repairs could be improved.","Customer service is a weaker point, with some customers expressing frustration about response times and the clarity of communication. While many interactions were positive, there are enough complaints to suggest this is an area for improvement.","Most reviews suggest that HomeServe handles repairs efficiently, with quick response times and fast fixes. While some delays were mentioned, they are not as frequent as in reviews for other service providers.","Engineers are consistently praised for their professionalism, politeness, and technical skills. This is one of HomeServe‚Äôs strongest assets across all service categories.","Customers generally report that repairs were done correctly, with very few mentions of issues requiring multiple visits. Solution quality is a strong point for HomeServe.","There are no major trends of dissatisfaction regarding pricing, indicating that most customers feel they receive good value for the service provided."
üßÆ HomeServe,üöø Gas Products,,,"British Gas significantly outperforms HomeServe in appointment scheduling, with a sentiment score nearly four times higher. Customer reviews indicate that British Gas customers appreciate clearer scheduling processes and better communication about available slots. While some delays are mentioned, they appear to be less frequent than with HomeServe.
<br><br>
HomeServe‚Äôs lower sentiment score suggests that customers struggle more with scheduling, likely due to longer wait times and difficulties in securing suitable appointment slots. Reviews highlight frequent rescheduling and last-minute cancellations, leading to frustration. The structured scheduling system at British Gas, combined with proactive customer notifications, seems to be a key differentiator.
<br><br>
<b>Key Takeaway:</b> British Gas should continue refining its appointment booking system, focusing on minimizing lead times and further improving customer communication. Ensuring flexibility for emergency cases could strengthen this advantage.","British Gas holds a massive advantage in customer service sentiment, with its score being over four times higher than HomeServe‚Äôs. Reviews indicate that British Gas customers feel more supported throughout their service experience, with a stronger emphasis on resolving complaints and keeping customers informed.
<br><br>
By contrast, HomeServe‚Äôs lower sentiment score suggests widespread frustration with customer service interactions. Reviews frequently mention long wait times to reach support, unhelpful agents, and repeated handovers between departments. British Gas, while not perfect, appears to offer a more structured and efficient support experience, likely benefiting from a well-established service infrastructure.
<br><br>
<b>Key Takeaway:</b> British Gas should build on this strength by ensuring quicker resolution times and maintaining a customer-first approach. Investing in AI-driven support tools and more proactive issue resolution strategies could further differentiate British Gas from HomeServe.","British Gas has a clear edge over HomeServe in response speed, with a 21.85-point sentiment advantage. Reviews suggest that British Gas customers experience quicker dispatch times for engineers, especially for urgent repairs. While there are occasional delays, the structured triage system appears to work more effectively than HomeServe‚Äôs.
<br><br>
HomeServe‚Äôs lower sentiment score suggests that customers often experience long delays between booking a repair and the engineer actually arriving. Many reviews indicate that HomeServe struggles to meet urgent service requests, leading to customer dissatisfaction.
<br><br>
<b>Key Takeaway:</b> To reinforce this advantage, British Gas should continue investing in smart workforce allocation, ensuring optimal engineer dispatch times based on demand patterns. Expanding real-time tracking updates for customers could further improve sentiment.","British Gas engineers receive significantly more positive sentiment than HomeServe engineers, with a 34.04-point advantage. Reviews consistently highlight British Gas engineers as professional, knowledgeable, and well-equipped to handle issues on the first visit.
<br><br>
HomeServe, on the other hand, struggles with consistency in engineer quality. Customer reviews frequently mention variability in experience levels, with some engineers perceived as inexperienced or unable to fully resolve issues. This inconsistency may stem from HomeServe‚Äôs use of a more distributed engineer network, leading to quality control challenges.
<br><br>
<b>Key Takeaway:</b> British Gas should continue to emphasize training and standardization to maintain its superior engineer experience. Ensuring that engineers have the necessary tools and parts on hand for first-time fixes will further enhance customer satisfaction.","British Gas leads significantly in solution quality, with a large sentiment advantage. Reviews indicate that British Gas engineers are more likely to provide lasting fixes, reducing the need for repeat visits. Customers appreciate the professionalism and technical expertise of British Gas engineers, which translates into higher satisfaction with repairs.
<br><br>
HomeServe‚Äôs lower sentiment score suggests frequent complaints about ineffective or temporary fixes. Many reviews mention issues persisting after initial repairs, requiring multiple engineer visits to fully resolve the problem. This aligns with feedback on inconsistent engineer expertise and a reliance on outsourced contractors.
<br><br>
<b>Key Takeaway:</b> British Gas should focus on maintaining high first-time fix rates and further improving quality assurance processes. Implementing post-repair follow-ups could help sustain this advantage.","British Gas significantly outperforms HomeServe in value for money perception, with a 46.04-point sentiment advantage. Despite being a premium-priced service, British Gas customers are far more satisfied with the value they receive compared to HomeServe customers. Reviews suggest that British Gas customers perceive their cover as more reliable and effective, which helps justify the cost. Many customers appreciate the professionalism of engineers, higher first-time fix rates, and the peace of mind that comes with a well-established provider.
<br><br>
Conversely, HomeServe customers frequently express dissatisfaction with the cost relative to the service quality they receive. Reviews often highlight unexpected charges, multiple visits for the same issue, and difficulty accessing timely repairs‚Äîall of which contribute to the perception that HomeServe‚Äôs service is overpriced for the level of support provided. Many customers feel they are paying for cover that does not deliver on its promises, leading to frustration and negative sentiment.
<br><br>
<b>Key Takeaway:</b> British Gas should capitalize on this strength by reinforcing the reliability and effectiveness of its service in marketing communications. Further improving first-time fix rates and making pricing structures more transparent could enhance customer confidence in the value of their cover, solidifying this advantage over HomeServe."
üßÆ HomeServe,ü™† Plumbing & Drains,,,"HomeServe customers rate appointment scheduling higher than British Gas customers, suggesting a smoother booking process. Reviews indicate that HomeServe offers greater flexibility in scheduling, with more immediate appointment availability and better customer communication around bookings.
<br><br>
British Gas customers, on the other hand, frequently mention long wait times for plumbing appointments, difficulty securing slots, and last-minute cancellations. Since plumbing emergencies often require rapid response, delays in appointment scheduling contribute significantly to negative sentiment.
<br><br>
<b>Key Takeaway:</b> British Gas should focus on reducing lead times for plumbing appointments and ensuring better real-time scheduling updates for customers. Offering priority slots for urgent cases could help bridge this gap.","HomeServe achieves a higher sentiment score for customer service, suggesting that customers feel better supported. Reviews highlight more responsive service agents, quicker resolutions, and proactive follow-ups.
<br><br>
In contrast, British Gas customers often express frustration with long call center wait times and difficulties escalating complaints. Reviews suggest that plumbing issues often require multiple contacts before a resolution, making the experience more cumbersome.
<br><br>
<b>Key Takeaway:</b> British Gas should improve customer service efficiency by reducing wait times, ensuring first-contact resolution where possible, and providing proactive updates on issue progress. A dedicated plumbing support team with specialized training could also enhance service quality.","This is the largest sentiment gap between British Gas and HomeServe. Customers rate HomeServe much higher for response speed, which aligns with review themes of quicker engineer dispatch and faster service for urgent plumbing issues.
<br><br>
British Gas customers frequently complain about slow response times, particularly for emergency plumbing situations such as leaks or blocked drains. Reviews suggest that even high-priority cases experience delays, likely due to engineer availability constraints.
<br><br>
<b>Key Takeaway:</b> British Gas should expand its rapid-response plumbing teams and implement a better triage system to prioritize urgent cases more effectively. Offering a real-time tracking system for engineer arrival could also help improve customer perception of response times.","HomeServe customers have a significantly higher perception of engineer experience, with reviews praising the professionalism and skill of engineers. The use of dedicated plumbing specialists may be a factor in HomeServe‚Äôs stronger performance.
<br><br>
British Gas customers, in contrast, mention inconsistent expertise among engineers. Some reviews indicate that engineers lack the necessary tools or experience to complete plumbing repairs efficiently, leading to repeat visits or incomplete fixes.
<br><br>
<b>Key Takeaway:</b> British Gas should enhance engineer training for plumbing-specific issues and ensure that all engineers arrive with the right tools and materials to complete repairs on the first visit.","This is the second-largest sentiment gap, highlighting a major difference in how customers perceive repair effectiveness. HomeServe customers rate solution quality far higher, indicating fewer repeat issues and more durable fixes.
<br><br>
British Gas reviews suggest that customers frequently experience temporary fixes rather than permanent solutions, leading to repeated breakdowns. Multiple callouts for the same problem negatively impact customer sentiment.
<br><br>
<b>Key Takeaway:</b> British Gas must prioritize first-time fix rates by ensuring engineers have the right expertise and tools to provide long-term solutions. Implementing a post-repair follow-up system could also help track and improve solution quality.","While the sentiment data for Value for Money was not explicitly listed in the extracted dataset, the negative gaps across all other service aspects strongly indicate that British Gas customers perceive their plumbing cover as providing less value compared to HomeServe.
<br><br>
Customers likely feel that delays, multiple visits, and inconsistent repairs make the service less worthwhile. HomeServe, by comparison, benefits from quicker response times and stronger repair quality, leading to better perceived value.
<br><br>
<b>Key Takeaway:</b> To improve value perception, British Gas must ensure a faster and more effective service experience by reducing inefficiencies and improving first-time fix rates."
üßÆ HomeServe,üî¶ Home Electrical,,,,,,,,
üßÆ CheckATrade,üåç All,,,,,,,,
üßÆ CheckATrade,üöø Gas Products,,,"British Gas customers report a better experience with appointment scheduling than those using CheckATrade. Reviews indicate that British Gas benefits from a centralized scheduling system with clear availability and structured booking processes. While some delays are mentioned, most customers feel they can secure an appointment within a reasonable timeframe.
<br><br>
In contrast, CheckATrade operates as a marketplace of independent contractors, meaning scheduling is highly variable. Reviews highlight unreliable booking confirmations, last-minute cancellations, and long wait times for high-demand contractors. Customers also struggle with rescheduling, as availability depends entirely on individual tradespeople.
<br><br>
<b>Key Takeaway:</b> British Gas should maintain its structured scheduling advantage but could explore greater flexibility in appointment slots, including evening and weekend options, to further differentiate itself from independent tradespeople.","CheckATrade has a slight customer service edge, likely due to the personalized service experience provided by independent tradespeople. Many reviews highlight that direct communication with the contractor leads to better rapport and more tailored support.
<br><br>
By contrast, British Gas operates a large-scale call center model, which can sometimes result in longer wait times, less personalized responses, and difficulties with complaint resolution. Some customers feel they are passed between different representatives, leading to frustration.
<br><br>
<b>Key Takeaway:</b> British Gas should improve the personalization of customer interactions. Offering dedicated case managers for complex issues or a callback feature to reduce wait times could enhance customer satisfaction.","CheckATrade customers report faster response times than British Gas customers. Since independent contractors manage their own schedules, many can offer same-day or next-day service‚Äîespecially for urgent boiler repairs. Reviews indicate that some CheckATrade engineers prioritize emergency cases more efficiently than a large organization can.
<br><br>
British Gas customers, however, often mention delays in dispatching engineers, particularly for non-urgent issues. The centralized dispatch system, while effective for structured planning, can struggle with last-minute requests and high seasonal demand.
<br><br>
<b>Key Takeaway:</b> British Gas should explore faster emergency response options, including same-day service slots for urgent cases and real-time tracking updates for customers waiting for an engineer.","British Gas engineers receive better overall sentiment scores than CheckATrade contractors. Customers appreciate the high level of training, professionalism, and consistency provided by British Gas engineers, with fewer complaints about poor workmanship.
<br><br>
CheckATrade contractors, by contrast, vary widely in experience and skill level. While some customers have excellent experiences, others report issues with inexperienced or unqualified engineers, misdiagnosed problems, and repeat callouts.
<br><br>
<b>Key Takeaway:</b> British Gas should continue reinforcing strong training programs and quality control processes to maintain its advantage. Marketing efforts should highlight the qualifications and reliability of British Gas engineers as a key differentiator from independent tradespeople.","CheckATrade has a slight advantage in perceived solution quality, likely because smaller independent contractors rely on word-of-mouth reviews and have a stronger incentive to provide high-quality repairs. Some reviews mention that independent engineers take extra care to ensure a lasting fix, as their reputation depends on it.
<br><br>
British Gas, while generally effective in repairs, receives more mentions of temporary fixes or repeat visits. Some reviews suggest that engineers lack the necessary parts on the first visit, leading to delays.
<br><br>
<b>Key Takeaway:</b> British Gas should focus on improving first-time fix rates by ensuring that engineers have better access to parts and can resolve issues in a single visit whenever possible.","The largest sentiment gap is in value for money, where CheckATrade outperforms British Gas by a significant margin. Customers perceive British Gas as more expensive for a similar level of service, particularly when repairs require multiple visits.<br><br>
CheckATrade contractors often have lower overhead costs, allowing them to offer competitive pricing. Many customers appreciate the ability to choose a contractor based on pricing and reputation, rather than committing to a single provider.
<br><br>
<b>Key Takeaway</b>: British Gas should work on strengthening its value proposition by:
<br>- Offering flexible pricing options, such as tiered service plans with different levels of cover.
<br>- Highlighting the benefits of comprehensive coverage, including repair guarantees and emergency response.
<br>- Ensuring that service quality justifies the higher price point, particularly by improving first-time fix rates."
üßÆ CheckATrade,ü™† Plumbing & Drains,,,"CheckATrade customers report greater satisfaction with appointment scheduling compared to British Gas customers. Since CheckATrade is a marketplace of independent contractors, many offer same-day or next-day availability, leading to higher sentiment scores. Reviews highlight the ability to choose a contractor with flexible scheduling as a major benefit.
<br><br>
By contrast, British Gas customers frequently report long lead times for plumbing appointments, difficulties in securing slots, and scheduling delays for non-urgent repairs. Since plumbing issues often require immediate attention, delays in scheduling significantly impact customer satisfaction.
<br><br>
<b>Key Takeaway:</b> British Gas should increase scheduling flexibility by offering more same-day service slots for urgent plumbing issues and enhanced real-time scheduling updates to reduce frustration.
","CheckATrade outperforms British Gas in customer service sentiment, likely due to the direct communication between customers and independent contractors. Reviews indicate that customers appreciate the ability to deal directly with the tradesperson rather than going through a call center. This leads to faster responses and a more personalized service experience.
<br><br>
British Gas, on the other hand, operates a centralized call center model, which can result in longer wait times, difficulty escalating complaints, and less personalized service. Some customers feel that their concerns are not addressed quickly enough or that multiple follow-ups are needed to get an issue resolved.
<br><br>
</b>Key Takeaway:</b> British Gas should enhance customer service efficiency by reducing call center wait times and providing a more personalized support experience, such as assigning customers a dedicated case manager for ongoing plumbing issues.","CheckATrade significantly outperforms British Gas in response speed, with independent contractors often able to arrive on the same day or within 24 hours. Reviews indicate that local contractors can be more flexible in handling emergency plumbing cases, leading to faster response times.
<br><br>
British Gas customers, however, frequently complain about delays in dispatching engineers, especially for urgent plumbing issues such as leaks or blocked drains. Since British Gas operates at scale, its scheduling system prioritizes based on availability rather than pure urgency, which can lead to frustration when immediate service is required.
<br><br>
<b>Key Takeaway:</b> British Gas should improve emergency response times by optimizing its workforce allocation for plumbing emergencies and implementing a real-time tracking system so customers know when an engineer is expected.","CheckATrade engineers receive higher sentiment scores for experience and professionalism, likely due to word-of-mouth recommendations and customer-selected contractors. Since CheckATrade relies on independent tradespeople who build their reputation through positive reviews, customers generally feel they have more control over who they hire.
<br><br>
British Gas, while offering trained engineers, suffers from inconsistencies in engineer experience, with some customers reporting that engineers lack plumbing-specific expertise or are unable to complete the repair efficiently. The structured employment model means customers cannot choose their engineer, leading to a more variable experience.
<br><br>
<b>Key Takeaway:</b> British Gas should reinforce plumbing-specific engineer training and ensure that all engineers are equipped with the right skills to handle a wide range of plumbing issues efficiently.
","This is the largest sentiment gap, indicating a major difference in how customers perceive repair effectiveness. CheckATrade customers report higher satisfaction with the durability of repairs, with many tradespeople ensuring that issues are fully resolved on the first visit.
<br><br>
By contrast, British Gas customers frequently mention temporary fixes that require repeat visits. Some reviews suggest that engineers lack the necessary parts for first-time fixes, leading to delays and additional callouts. This greatly reduces customer confidence in the service.
<br><br>
<b>Key Takeaway:</b> British Gas must improve first-time fix rates by ensuring engineers arrive with the necessary parts and tools to fully resolve issues in a single visit. A post-repair follow-up system could also help track and improve solution quality.","CheckATrade contractors are perceived as offering much better value for money compared to British Gas. Since independent tradespeople set their own prices, customers often feel they get a fairer deal based on service quality. Many also appreciate the ability to compare different contractors and pricing options before committing.

British Gas, by contrast, receives negative sentiment on pricing relative to service quality. Reviews indicate that high costs combined with delays, repeat visits, and inconsistent service make the cover feel overpriced. Customers feel they pay a premium but do not receive a premium service experience.
<br><br>
<b>Key Takeaway:</b> British Gas should strengthen its value proposition by:
<br>- Ensuring high first-time fix rates, reducing the need for costly repeat visits.
<br>- Introducing more flexible pricing plans or discounts for long-term customers.
<br>- Clearly communicating the benefits of British Gas cover versus independent contractors, emphasizing reliability and emergency service guarantees."
üßÆ CheckATrade,üî¶ Home Electrical,,,,,,,,
üßÆ Domestic & General,üåç All,,,,,,,,
üßÆ Domestic & General,üì∫ Appliance Cover,,,"D&G customers report a smoother appointment scheduling experience compared to British Gas. Reviews indicate that D&G offers a more automated and flexible scheduling process, allowing customers to book their own slots online with real-time availability updates.
<br><br>
By contrast, British Gas customers often express frustration with rigid scheduling systems, difficulty securing timely slots, and long lead times. Some customers report having their appointments rescheduled at short notice, adding to dissatisfaction.
<br><br>
<b>Key Takeaway:</b> British Gas should modernize its scheduling system by providing self-service booking options with real-time availability, automated reminders, and easier rescheduling tools.","D&G achieves much higher customer service sentiment compared to British Gas. Reviews suggest that D&G‚Äôs call center agents are more responsive, issues are resolved faster, and customers feel better supported. Many customers also highlight proactive communication from D&G, such as follow-ups after service visits.
<br><br>
British Gas, on the other hand, receives negative sentiment for long call center wait times, inefficient issue resolution, and customers having to follow up multiple times to get a response. Some reviews mention that agents seem overloaded, leading to rushed or unhelpful interactions.
<br><br>
<b>Key Takeaway:</b> British Gas should improve call center response times and enhance proactive communication, such as follow-up messages after service visits and better tracking of unresolved issues.","D&G customers report significantly better response times compared to British Gas. Reviews indicate that D&G is faster at dispatching engineers, particularly for urgent appliance breakdowns. Some customers mention receiving next-day service, which contributes to higher sentiment.
<br><br>
British Gas customers, in contrast, frequently report long wait times for engineer appointments, even for urgent issues. Some customers mention that it takes several days or even weeks to get an appliance repair appointment, leading to significant dissatisfaction.
<br><br>
<b>Key Takeaway:</b> British Gas should prioritize faster engineer dispatching, particularly for urgent appliance repairs. A tiered service model with express repair options for an additional fee could also help improve response times.","D&G has a significant advantage in engineer experience, with customers frequently praising the skill, professionalism, and knowledge of D&G engineers. Reviews suggest that D&G engineers are well-trained and arrive prepared with the necessary parts to complete repairs on the first visit.
<br><br>
By contrast, British Gas customers often complain about inconsistent engineer quality. Some reviews mention that engineers lack appliance-specific expertise or need to return multiple times due to missing parts or misdiagnoses.
<br><br>
<b>Key Takeaway:</b> British Gas should enhance training for appliance engineers to ensure they can handle a wider range of appliance issues effectively. Equipping engineers with the right parts for first-time fixes will also help improve sentiment.","D&G customers perceive better solution quality, as their repairs are more effective and require fewer follow-ups. Many reviews highlight that D&G engineers fix issues on the first visit, reducing repeat service calls.
<br><br>
British Gas, on the other hand, sees more complaints about repeat visits and temporary fixes. Some customers mention that engineers apply short-term solutions instead of fully addressing the underlying issue, leading to breakdowns occurring again within weeks.
<br><br>
<b>Key Takeaway:</b> British Gas must prioritize first-time fix rates by ensuring engineers have the necessary diagnostic tools and replacement parts on hand. A post-repair follow-up system could also help confirm that the issue was fully resolved.","D&G holds a strong advantage in value for money, with customers feeling that they get what they pay for. Customers frequently mention that D&G offers better service reliability, fewer repeat visits, and faster repairs, making the cost feel justified.

British Gas, by contrast, struggles with value perception. Many customers feel that the high cost does not match the service quality, particularly when repairs require multiple visits or take too long to schedule. Some also mention unexpected fees for certain repairs, adding to frustration.
<br>
<b>Key Takeaway:</b> British Gas should strengthen its value proposition by:
<br>- Improving first-time fix rates to reduce costly repeat visits.
<br>- Introducing more flexible pricing options (e.g., premium service tiers with faster response times).
<br>- Clearly communicating service benefits, such as reliability and customer guarantees, to justify the price."
üßÆ Domestic & General,üöø Gas Products,,,,,,,,
üßÆ Domestic & General,ü™† Plumbing & Drains,,,,,,,,
üßÆ Domestic & General,üî¶ Home Electrical,,,,,,,,
üßÆ 247 Home Rescue,üåç All,,,,,,,,
üßÆ 247 Home Rescue,üì∫ Appliance Cover,,,,,,,,
üßÆ 247 Home Rescue,üöø Gas Products,,,,,,,,
üßÆ 247 Home Rescue,ü™† Plumbing & Drains,,,,,,,,
üßÆ 247 Home Rescue,üî¶ Home Electrical,,,,,,,,
üßÆ Corgi HomePlan,üåç All,,,,,,,,
üßÆ Corgi HomePlan,üì∫ Appliance Cover,,,,,,,,
üßÆ Corgi HomePlan,üöø Gas Products,,,,,,,,
üßÆ Corgi HomePlan,ü™† Plumbing & Drains,,,,,,,,
üßÆ Corgi HomePlan,üî¶ Home Electrical,,,,,,,,
‚ö° Octopus ,‚ö° Energy,,,,,,,,
‚ö° OVO,‚ö° Energy,,,,,,,,
‚ö° E.ON Next,‚ö° Energy,,,,,,,,
‚ö° E.ON Energy,‚ö° Energy,,,,,,,,
‚ö° EDF,‚ö° Energy,,,,,,,,
