Type,Tab Emoji,Tab Name,Tab Headline,Tab Description,Sentiment Summary,Recommended Actions,Chart Column,Chart Title,Chart Analysis,Percentage,Driver 1,Driver 2,Driver 3
🥳 Promoters,😁,Service Quality,Professional and Friendly Service That Wins Hearts,31% of people say…,"Reviews overwhelmingly highlight HomeServe's commitment to high-quality service. Customers frequently describe the service as ""excellent,"" ""great,"" and ""efficient,"" with mentions of professionalism and friendliness from engineers and staff. The positive tone of these reviews reflects satisfaction with both the technical expertise and the courteous approach taken during interactions, creating a memorable customer experience.","**Invest in Training and Recognition**: Continue training engineers and staff on customer interaction skills, ensuring professionalism and friendliness remain hallmarks of the service. Introduce recognition programs for outstanding service, as these qualities clearly resonate with customers.
**Promote Customer Stories**: Highlight real customer testimonials emphasizing quality service in marketing campaigns to reinforce this strong association. These stories mirror customer sentiments and build trust with potential clients.",Engineer Professionalism_sentiment_score,Engineer Experience by Product over Time,"Engineer professionalism is the strongest driver for positive sentiment, maintaining steady improvement over time.",31%,December 2023; Key drivers: Politeness and empathy stand out.,January 2024; Key drivers: Clear explanations noted.,February 2024; Key drivers: Respect for properties appreciated.
🥳 Promoters,🏃‍➡️,Response Speed,Always on Time: Dependable Responses When It Matters Most,13% of people say…,"Punctuality is a recurring theme, with customers praising engineers for arriving ""on time"" and responding quickly. Many reviews also mention the reassurance of reliable service, with customers knowing help will come when they need it. The emphasis on timeliness strengthens the perception of HomeServe as dependable and trustworthy.","<b>Enhance Appointment Tracking Tools</b>: Invest in systems that allow customers to track their engineer's arrival in real-time to further build confidence in punctuality.<br><br>
<b>Guarantee Timely Service</b>: Promote a service promise that guarantees appointments within a set time window to reinforce reliability as a core brand value.
These actions address the clear importance customers place on timely responses and will strengthen HomeServe’s position as a dependable partner.",Response Speed_sentiment_score,Speed and Efficiency by Product over Time,"Response times are consistently fast, but further improvements during peak periods could yield higher satisfaction.",13%,December 2023; Key drivers: Fast issue resolution on weekends.,January 2024; Key drivers: Urgent cases handled well.,February 2024; Key drivers: 3-hour response noted as exceptional.
🥳 Promoters,🥇,Solution Quality,Solutions You Can Count On: Effective Problem-Solving That Works,6% of people say…,"Customers value HomeServe's ability to resolve issues effectively. Phrases like ""fixed the problem"" and ""resolved the issue quickly"" dominate this theme. Many reviews describe satisfaction with how engineers diagnose and resolve challenges, providing peace of mind during stressful situations.","<b>Expand Diagnostic Training</b>: Ensure engineers are equipped with advanced diagnostic tools and training to maintain high problem-solving efficiency.<br><br>
<b>Capture Problem-Solving Success Stories</b>: Use case studies of challenging repairs resolved efficiently in communications to showcase this capability.
These steps reinforce the technical competence and reliability customers expect, ensuring continued trust in HomeServe's ability to deliver solutions.",Customer Support_sentiment_score,Helpful and Supportive Customer Service by Product Over Time,"Customer support satisfaction is stable, with empathy and active listening driving positive sentiment.",6%,December 2023; Key drivers: Active listening praised.,January 2024; Key drivers: Clear guidance for account changes.,February 2024; Key drivers: Effective complaint resolution.
🥳 Promoters,🧱,Company Reliability,A Name You Can Trust: Consistent and Dependable Service,3% of people say…,"Reviews highlight HomeServe’s reputation for being ""trustworthy"" and ""dependable."" Customers appreciate knowing they can rely on the company for consistent support. This reliability fosters loyalty and confidence, making HomeServe a go-to provider.","<b>Strengthen Brand Messaging</b>: Reinforce the reliability theme in advertising and social media campaigns, emphasizing the long-term relationships built with customers.<br><br>
<b>Build a Loyalty Program</b>: Launch a program that rewards long-time customers, showcasing the company’s commitment to reliability over time.
These steps align with customer feedback, enhancing the brand’s trusted reputation.",Solution Quality_sentiment_score,Reliable and High-Quality Solutions by Product Over Time,"Reliable solutions have a direct link to customer loyalty, but some recurring issues indicate room for operational improvements.",3%,December 2023; Key drivers: Long-term trust in solutions.,January 2024; Key drivers: Efficiency in repair processes.,February 2024; Key drivers: High standards in radiator servicing.
🥳 Promoters,🔢,Ease of Booking,Hassle-Free Help: Booking Made Simple and Stress-Free,1% of people say…,"Customers appreciate the ""easy booking"" process, with reviews highlighting its convenience and lack of complications. This seamless experience sets HomeServe apart, reducing the stress often associated with arranging home repairs.","<b>Streamline Digital Platforms</b>: Continue to enhance online and app booking systems to make them even more intuitive, ensuring that customers can easily find and book services.<br><br>
<b>Promote Booking Simplicity</b>: Use advertising to showcase the ease of scheduling a service, incorporating customer feedback about the hassle-free experience.
These actions address customer appreciation for convenience, reinforcing HomeServe’s reputation as a customer-first company.",Communication Clarity_sentiment_score,Transparent and Seamless Customer Experience by Product Over Time,"Seamless experiences are valued by customers, particularly in reducing uncertainty during service visits.",1%,December 2023; Key drivers: Clear updates provided.,January 2024; Key drivers: Proactive scheduling praised.,February 2024; Key drivers: Intuitive processes highlighted
🤬 Detractors,🚚,Service Delivery,Fixing the Foundation: Tackling Service Delivery Issues,76% of people say…,"Customers overwhelmingly voiced frustration with Service Delivery Issues, making this the most prominent concern. Recurring complaints included delayed or missed appointments, engineers or plumbers failing to resolve issues during their first visit, and poorly handled repair jobs. Many reviews referenced specific instances where services were promised but not delivered, leaving customers feeling neglected and inconvenienced. The operational inefficiencies in service scheduling and execution are a recurring trend in these reviews, undermining customer trust and satisfaction.","To address these concerns, the business should focus on optimizing service logistics and ensuring real-time communication with customers. Implementing technology-driven scheduling solutions, such as dynamic routing for engineers, can minimize delays. Additionally, training service teams to enhance their first-time resolution rates will significantly reduce customer frustration. These actions directly target the patterns identified in the reviews, instilling confidence that HomeServe can reliably deliver on its promises.",Communication Clarity_sentiment_score,Customer Service Issues Over Time,Customer dissatisfaction peaks during holiday seasons when support teams are understaffed.,76%,December 2023; Long wait times reported.,January 2024; Escalated complaints unresolved.,February 2024; Lack of empathy mentioned frequently.
🤬 Detractors,🥅,Product Coverage,"Promises, Policies, and Problems: Addressing Product and Coverage Concerns",63% of people say…,"Under Product and Coverage Problems, reviews frequently highlighted dissatisfaction with unclear or overly restrictive policy coverage. Complaints ranged from boilers and water leaks not being covered to confusion around excess fees or claim denials. Customers also criticized the quality of repairs, with recurring mentions of incomplete or ineffective fixes. This theme demonstrates a gap between customer expectations and the company's current offerings or communication about coverage details.","The company should refine its policy communication and focus on educating customers about what is and isn’t covered in a simple, accessible format. Enhancing product design to cover common issues, such as boiler breakdowns or plumbing leaks, could also reduce dissatisfaction. Proactive outreach to customers experiencing recurring issues, paired with a quality assurance program for repairs, would directly address the pain points raised in the reviews. These recommendations are grounded in the feedback trends and aim to align customer expectations with delivered services.",Solution Quality_sentiment_score,Quality and Reliability Issues Over Time,"Quality issues drive distrust, particularly in repeated failures of heating system repairs.",63%,December 2023; Repair failures reported.,January 2024; Missed appointments criticized.,February 2024; Delays in urgent repairs highlighted.
🤬 Detractors,📞,Communication Failures,Bridging the Gap: Resolving Communication Failures,60% of people say…,"Communication Failures emerged as a critical pain point, with customers citing inconsistent or unhelpful updates from customer service. Many reviews described situations where customers were told conflicting information or were left in the dark about the status of their claims or appointments. The lack of proactive communication exacerbated frustrations, particularly when combined with other service or policy-related issues.","To rebuild customer trust, the company should prioritize transparency and consistency in all customer interactions. A centralized ticketing system that tracks and updates customers on their case status in real-time can address this gap effectively. Furthermore, investing in advanced customer service training will empower representatives to handle queries more effectively and empathetically. These steps are directly aligned with the recurring patterns identified in the reviews and are designed to demonstrate the company’s commitment to improving communication.",Value For Money_sentiment_score,Billing Issues Over Time,Billing complaints consistently rise after rate changes and lack of communication regarding charges.,60%,December 2023; Unexplained overcharges reported.,January 2024; Refund delays caused frustration.,February 2024; Lack of transparency in bills noted.
🤬 Detractors,💸,Financial Concerns,Value and Transparency: Alleviating Financial Concerns,38% of people say…,"Financial Concerns were a notable theme, with customers expressing dissatisfaction over unexpected costs, such as excess fees, and questioning the value of their payments. Many reviews reflected a sentiment that customers were paying for services or policies that did not deliver on their promises, further intensifying their frustrations. This financial disconnect directly impacts customer loyalty and the perceived value of HomeServe's services.","The company should enhance billing transparency by clearly explaining all charges and excess fees upfront during policy sales and renewals. Simplifying pricing structures and offering clearer invoices can reduce confusion and complaints. Additionally, reviewing and adjusting fee structures to ensure fairness and value will demonstrate a customer-centric approach. These recommendations are deeply rooted in the trends from the reviews, ensuring the proposed changes directly address the financial concerns raised by customers.",Response Speed_sentiment_score,Scheduling Struggles Over Time,"Scheduling issues contribute to stress, especially during colder months when urgent repairs are required.",38%,December 2023; Lack of available slots noted.,January 2024; Real-time scheduling preferred.,February 2024; Priority slots for emergencies requested.
👽  Emerging Trends,💳,Value for Money,Pricing and Perceived Value for Money,9.5% of reviews mention this topic when discussing us online. This is usually discussed in the context of feedback on gas prices and perceived value.,"Customers typically highlight frustration with rising costs and a lack of perceived justification for the price points. Interestingly, there are few mentions of competitive pricing or positive value propositions, indicating a potential disconnect between the cost of services and customer expectations. A recurring theme is customers comparing British Gas to competitors and questioning whether the higher prices are warranted.","To address these concerns, we could implement tiered pricing options or loyalty discounts to appeal to cost-sensitive customers while rewarding long-term clients. Enhanced communication about the value of our services—such as breakdowns of what customers receive for their money or showcasing added benefits like energy savings—could help shift perceptions. A renewed focus on promoting affordability and value could bolster trust and retention, particularly in a competitive market.",Value For Money_sentiment_score,Value for Money by Product Over Time,"Perceived value remains low, highlighting a need to better communicate service benefits relative to cost.",9.50%,December 2023; Concerns over rising prices.,January 2024; Comparison to competitors noted.,February 2024; Lack of perceived added value highlighted.
👽  Emerging Trends,🤖,Smart Meters,Challenges with Smart Meter Rollouts,"9.8% of reviews mention this topic. This is typically discussed in the context of comments about the installation, functionality, or issues with smart meters. While smart meters offer benefits, technical and billing problems undermine customer trust and satisfaction.","Smart meters are a frequent topic of discussion, often skewing negative. Complaints center around issues with accuracy, billing discrepancies, and technical malfunctions. Customers commonly mention frustration with unresolved problems and inconsistent meter readings, which erode trust. That said, there are occasional mentions of smart meters making energy tracking easier, though these positive sentiments are overshadowed by technical grievances. A noticeable trend is the perception that the rollout and ongoing support for smart meters have been poorly managed.","To rebuild customer confidence, we should invest in better troubleshooting processes, ensuring issues with smart meters are identified and resolved swiftly. Providing proactive customer education—through tutorials, outreach, or live support—on how to use and understand smart meter data could enhance satisfaction. Streamlining the rollout with a stronger focus on accuracy and reliability would address core pain points while reinforcing our commitment to innovation.",Response Speed_sentiment_score,Smart Meters by Product Over Time,"Smart meter complaints center around accuracy and unresolved issues, causing distrust among customers.",9.80%,December 2023; Billing errors reported.,January 2024; Technical malfunctions mentioned.,February 2024; Energy tracking appreciated in positive cases.
👽  Emerging Trends,🚿,Boiler Services,Importance of Boiler Services,"44.1% of reviews mention this topic. This is typically discussed in the context of boiler-related products or repairs. Boiler services are critical but receive mixed reviews, with service quality varying significantly.","Boiler services are a critical area of customer interaction, receiving a mix of positive and negative feedback. Positive reviews often highlight the professionalism and friendliness of engineers and praise successful repairs. However, a significant proportion of reviews detail frustration with delays, high costs, and repeat issues after repairs. A common thread among negative reviews is dissatisfaction with scheduling, where customers feel let down by long wait times and missed appointments.","Improving the first-time repair success rate should be a priority, potentially through additional training or better diagnostics tools for engineers. Revisiting scheduling and logistics could reduce delays and ensure engineers arrive promptly and equipped with the necessary parts. Offering transparent cost estimates and flexible financing options for repairs could alleviate concerns over high costs. These changes would not only address recurring complaints but also reinforce our reputation for reliable, customer-focused service.",Solution Quality_sentiment_score,Boiler Services by Product Over Time,"Boiler-related sentiment is highly variable, with reliability and cost being the primary factors affecting satisfaction.",44.10%,December 2023; Professional engineers praised.,January 2024; Long delays criticized.,February 2024; Transparent cost estimates appreciated.
